"ROI","ROI.size","average.localizer.mask.size","inter.subject.overlap","sigChange","SubjectNumber","Contrast","filename","fROIs","task","ind_selection_method","pipeline"
"1","1885","188","1.000000","1.984194","1","1","ToMfROIS_resp_ToM_20170720","ToMfROIS","ToM","Top10Percent","Old_evlab_pipeline"
"2","3322","332","1.000000","1.324210","1","1","ToMfROIS_resp_ToM_20170720","ToMfROIS","ToM","Top10Percent","Old_evlab_pipeline"
"3","1525","152","1.000000","1.789069","1","1","ToMfROIS_resp_ToM_20170720","ToMfROIS","ToM","Top10Percent","Old_evlab_pipeline"
"4","4182","418","1.000000","1.216867","1","1","ToMfROIS_resp_ToM_20170720","ToMfROIS","ToM","Top10Percent","Old_evlab_pipeline"
"5","3419","341","1.000000","1.284300","1","1","ToMfROIS_resp_ToM_20170720","ToMfROIS","ToM","Top10Percent","Old_evlab_pipeline"
"6","1313","131","1.000000","1.692928","1","1","ToMfROIS_resp_ToM_20170720","ToMfROIS","ToM","Top10Percent","Old_evlab_pipeline"
"7","4051","405","1.000000","0.604084","1","1","ToMfROIS_resp_ToM_20170720","ToMfROIS","ToM","Top10Percent","Old_evlab_pipeline"
"1","1885","188","1.000000","-0.078345","1","2","ToMfROIS_resp_ToM_20170720","ToMfROIS","ToM","Top10Percent","Old_evlab_pipeline"
"2","3322","332","1.000000","0.694542","1","2","ToMfROIS_resp_ToM_20170720","ToMfROIS","ToM","Top10Percent","Old_evlab_pipeline"
"3","1525","152","1.000000","-0.062794","1","2","ToMfROIS_resp_ToM_20170720","ToMfROIS","ToM","Top10Percent","Old_evlab_pipeline"
"4","4182","418","1.000000","0.310709","1","2","ToMfROIS_resp_ToM_20170720","ToMfROIS","ToM","Top10Percent","Old_evlab_pipeline"
"5","3419","341","1.000000","0.403253","1","2","ToMfROIS_resp_ToM_20170720","ToMfROIS","ToM","Top10Percent","Old_evlab_pipeline"
"6","1313","131","1.000000","0.496433","1","2","ToMfROIS_resp_ToM_20170720","ToMfROIS","ToM","Top10Percent","Old_evlab_pipeline"
"7","4051","405","1.000000","0.142840","1","2","ToMfROIS_resp_ToM_20170720","ToMfROIS","ToM","Top10Percent","Old_evlab_pipeline"
"1","1885","188","1.000000","2.062539","1","3","ToMfROIS_resp_ToM_20170720","ToMfROIS","ToM","Top10Percent","Old_evlab_pipeline"
"2","3322","332","1.000000","0.629668","1","3","ToMfROIS_resp_ToM_20170720","ToMfROIS","ToM","Top10Percent","Old_evlab_pipeline"
"3","1525","152","1.000000","1.851863","1","3","ToMfROIS_resp_ToM_20170720","ToMfROIS","ToM","Top10Percent","Old_evlab_pipeline"
"4","4182","418","1.000000","0.906158","1","3","ToMfROIS_resp_ToM_20170720","ToMfROIS","ToM","Top10Percent","Old_evlab_pipeline"
"5","3419","341","1.000000","0.881047","1","3","ToMfROIS_resp_ToM_20170720","ToMfROIS","ToM","Top10Percent","Old_evlab_pipeline"
"6","1313","131","1.000000","1.196495","1","3","ToMfROIS_resp_ToM_20170720","ToMfROIS","ToM","Top10Percent","Old_evlab_pipeline"
"7","4051","405","1.000000","0.461244","1","3","ToMfROIS_resp_ToM_20170720","ToMfROIS","ToM","Top10Percent","Old_evlab_pipeline"
"1","1885","188","1.000000","0.924668","2","1","ToMfROIS_resp_ToM_20170720","ToMfROIS","ToM","Top10Percent","Old_evlab_pipeline"
"2","3322","332","1.000000","1.198499","2","1","ToMfROIS_resp_ToM_20170720","ToMfROIS","ToM","Top10Percent","Old_evlab_pipeline"
"3","1525","152","1.000000","-0.049514","2","1","ToMfROIS_resp_ToM_20170720","ToMfROIS","ToM","Top10Percent","Old_evlab_pipeline"
"4","4182","418","1.000000","1.119862","2","1","ToMfROIS_resp_ToM_20170720","ToMfROIS","ToM","Top10Percent","Old_evlab_pipeline"
"5","3419","341","1.000000","1.088273","2","1","ToMfROIS_resp_ToM_20170720","ToMfROIS","ToM","Top10Percent","Old_evlab_pipeline"
"6","1313","131","1.000000","0.186671","2","1","ToMfROIS_resp_ToM_20170720","ToMfROIS","ToM","Top10Percent","Old_evlab_pipeline"
"7","4051","405","1.000000","1.084941","2","1","ToMfROIS_resp_ToM_20170720","ToMfROIS","ToM","Top10Percent","Old_evlab_pipeline"
"1","1885","188","1.000000","0.024725","2","2","ToMfROIS_resp_ToM_20170720","ToMfROIS","ToM","Top10Percent","Old_evlab_pipeline"
"2","3322","332","1.000000","0.346721","2","2","ToMfROIS_resp_ToM_20170720","ToMfROIS","ToM","Top10Percent","Old_evlab_pipeline"
"3","1525","152","1.000000","-0.584825","2","2","ToMfROIS_resp_ToM_20170720","ToMfROIS","ToM","Top10Percent","Old_evlab_pipeline"
"4","4182","418","1.000000","0.408047","2","2","ToMfROIS_resp_ToM_20170720","ToMfROIS","ToM","Top10Percent","Old_evlab_pipeline"
"5","3419","341","1.000000","0.015971","2","2","ToMfROIS_resp_ToM_20170720","ToMfROIS","ToM","Top10Percent","Old_evlab_pipeline"
"6","1313","131","1.000000","-0.248397","2","2","ToMfROIS_resp_ToM_20170720","ToMfROIS","ToM","Top10Percent","Old_evlab_pipeline"
"7","4051","405","1.000000","0.252085","2","2","ToMfROIS_resp_ToM_20170720","ToMfROIS","ToM","Top10Percent","Old_evlab_pipeline"
"1","1885","188","1.000000","0.899943","2","3","ToMfROIS_resp_ToM_20170720","ToMfROIS","ToM","Top10Percent","Old_evlab_pipeline"
"2","3322","332","1.000000","0.851779","2","3","ToMfROIS_resp_ToM_20170720","ToMfROIS","ToM","Top10Percent","Old_evlab_pipeline"
"3","1525","152","1.000000","0.535312","2","3","ToMfROIS_resp_ToM_20170720","ToMfROIS","ToM","Top10Percent","Old_evlab_pipeline"
"4","4182","418","1.000000","0.711815","2","3","ToMfROIS_resp_ToM_20170720","ToMfROIS","ToM","Top10Percent","Old_evlab_pipeline"
"5","3419","341","1.000000","1.072302","2","3","ToMfROIS_resp_ToM_20170720","ToMfROIS","ToM","Top10Percent","Old_evlab_pipeline"
"6","1313","131","1.000000","0.435068","2","3","ToMfROIS_resp_ToM_20170720","ToMfROIS","ToM","Top10Percent","Old_evlab_pipeline"
"7","4051","405","1.000000","0.832855","2","3","ToMfROIS_resp_ToM_20170720","ToMfROIS","ToM","Top10Percent","Old_evlab_pipeline"
"1","1885","188","1.000000","3.844738","3","1","ToMfROIS_resp_ToM_20170720","ToMfROIS","ToM","Top10Percent","Old_evlab_pipeline"
"2","3322","332","1.000000","2.890569","3","1","ToMfROIS_resp_ToM_20170720","ToMfROIS","ToM","Top10Percent","Old_evlab_pipeline"
"3","1525","152","1.000000","1.419134","3","1","ToMfROIS_resp_ToM_20170720","ToMfROIS","ToM","Top10Percent","Old_evlab_pipeline"
"4","4182","418","1.000000","0.897926","3","1","ToMfROIS_resp_ToM_20170720","ToMfROIS","ToM","Top10Percent","Old_evlab_pipeline"
"5","3419","341","1.000000","1.847177","3","1","ToMfROIS_resp_ToM_20170720","ToMfROIS","ToM","Top10Percent","Old_evlab_pipeline"
"6","1313","131","1.000000","1.131406","3","1","ToMfROIS_resp_ToM_20170720","ToMfROIS","ToM","Top10Percent","Old_evlab_pipeline"
"7","4051","405","1.000000","1.524748","3","1","ToMfROIS_resp_ToM_20170720","ToMfROIS","ToM","Top10Percent","Old_evlab_pipeline"
"1","1885","188","1.000000","-0.914848","3","2","ToMfROIS_resp_ToM_20170720","ToMfROIS","ToM","Top10Percent","Old_evlab_pipeline"
"2","3322","332","1.000000","1.741110","3","2","ToMfROIS_resp_ToM_20170720","ToMfROIS","ToM","Top10Percent","Old_evlab_pipeline"
"3","1525","152","1.000000","-1.673288","3","2","ToMfROIS_resp_ToM_20170720","ToMfROIS","ToM","Top10Percent","Old_evlab_pipeline"
"4","4182","418","1.000000","-0.048041","3","2","ToMfROIS_resp_ToM_20170720","ToMfROIS","ToM","Top10Percent","Old_evlab_pipeline"
"5","3419","341","1.000000","0.147466","3","2","ToMfROIS_resp_ToM_20170720","ToMfROIS","ToM","Top10Percent","Old_evlab_pipeline"
"6","1313","131","1.000000","-0.449796","3","2","ToMfROIS_resp_ToM_20170720","ToMfROIS","ToM","Top10Percent","Old_evlab_pipeline"
"7","4051","405","1.000000","0.156144","3","2","ToMfROIS_resp_ToM_20170720","ToMfROIS","ToM","Top10Percent","Old_evlab_pipeline"
"1","1885","188","1.000000","4.759586","3","3","ToMfROIS_resp_ToM_20170720","ToMfROIS","ToM","Top10Percent","Old_evlab_pipeline"
"2","3322","332","1.000000","1.149459","3","3","ToMfROIS_resp_ToM_20170720","ToMfROIS","ToM","Top10Percent","Old_evlab_pipeline"
"3","1525","152","1.000000","3.092422","3","3","ToMfROIS_resp_ToM_20170720","ToMfROIS","ToM","Top10Percent","Old_evlab_pipeline"
"4","4182","418","1.000000","0.945967","3","3","ToMfROIS_resp_ToM_20170720","ToMfROIS","ToM","Top10Percent","Old_evlab_pipeline"
"5","3419","341","1.000000","1.699711","3","3","ToMfROIS_resp_ToM_20170720","ToMfROIS","ToM","Top10Percent","Old_evlab_pipeline"
"6","1313","131","1.000000","1.581201","3","3","ToMfROIS_resp_ToM_20170720","ToMfROIS","ToM","Top10Percent","Old_evlab_pipeline"
"7","4051","405","1.000000","1.368603","3","3","ToMfROIS_resp_ToM_20170720","ToMfROIS","ToM","Top10Percent","Old_evlab_pipeline"
"1","1885","188","1.000000","0.750818","4","1","ToMfROIS_resp_ToM_20170720","ToMfROIS","ToM","Top10Percent","Old_evlab_pipeline"
"2","3322","332","1.000000","2.245816","4","1","ToMfROIS_resp_ToM_20170720","ToMfROIS","ToM","Top10Percent","Old_evlab_pipeline"
"3","1525","152","1.000000","-0.282496","4","1","ToMfROIS_resp_ToM_20170720","ToMfROIS","ToM","Top10Percent","Old_evlab_pipeline"
"4","4182","418","1.000000","0.665701","4","1","ToMfROIS_resp_ToM_20170720","ToMfROIS","ToM","Top10Percent","Old_evlab_pipeline"
"5","3419","341","1.000000","0.947237","4","1","ToMfROIS_resp_ToM_20170720","ToMfROIS","ToM","Top10Percent","Old_evlab_pipeline"
"6","1313","131","1.000000","-0.125343","4","1","ToMfROIS_resp_ToM_20170720","ToMfROIS","ToM","Top10Percent","Old_evlab_pipeline"
"7","4051","405","1.000000","0.672440","4","1","ToMfROIS_resp_ToM_20170720","ToMfROIS","ToM","Top10Percent","Old_evlab_pipeline"
"1","1885","188","1.000000","-0.516681","4","2","ToMfROIS_resp_ToM_20170720","ToMfROIS","ToM","Top10Percent","Old_evlab_pipeline"
"2","3322","332","1.000000","0.976177","4","2","ToMfROIS_resp_ToM_20170720","ToMfROIS","ToM","Top10Percent","Old_evlab_pipeline"
"3","1525","152","1.000000","-0.822791","4","2","ToMfROIS_resp_ToM_20170720","ToMfROIS","ToM","Top10Percent","Old_evlab_pipeline"
"4","4182","418","1.000000","-0.033097","4","2","ToMfROIS_resp_ToM_20170720","ToMfROIS","ToM","Top10Percent","Old_evlab_pipeline"
"5","3419","341","1.000000","-0.052318","4","2","ToMfROIS_resp_ToM_20170720","ToMfROIS","ToM","Top10Percent","Old_evlab_pipeline"
"6","1313","131","1.000000","-0.415007","4","2","ToMfROIS_resp_ToM_20170720","ToMfROIS","ToM","Top10Percent","Old_evlab_pipeline"
"7","4051","405","1.000000","0.079080","4","2","ToMfROIS_resp_ToM_20170720","ToMfROIS","ToM","Top10Percent","Old_evlab_pipeline"
"1","1885","188","1.000000","1.267499","4","3","ToMfROIS_resp_ToM_20170720","ToMfROIS","ToM","Top10Percent","Old_evlab_pipeline"
"2","3322","332","1.000000","1.269639","4","3","ToMfROIS_resp_ToM_20170720","ToMfROIS","ToM","Top10Percent","Old_evlab_pipeline"
"3","1525","152","1.000000","0.540295","4","3","ToMfROIS_resp_ToM_20170720","ToMfROIS","ToM","Top10Percent","Old_evlab_pipeline"
"4","4182","418","1.000000","0.698797","4","3","ToMfROIS_resp_ToM_20170720","ToMfROIS","ToM","Top10Percent","Old_evlab_pipeline"
"5","3419","341","1.000000","0.999556","4","3","ToMfROIS_resp_ToM_20170720","ToMfROIS","ToM","Top10Percent","Old_evlab_pipeline"
"6","1313","131","1.000000","0.289664","4","3","ToMfROIS_resp_ToM_20170720","ToMfROIS","ToM","Top10Percent","Old_evlab_pipeline"
"7","4051","405","1.000000","0.593360","4","3","ToMfROIS_resp_ToM_20170720","ToMfROIS","ToM","Top10Percent","Old_evlab_pipeline"
"1","1885","188","1.000000","3.181733","5","1","ToMfROIS_resp_ToM_20170720","ToMfROIS","ToM","Top10Percent","Old_evlab_pipeline"
"2","3322","332","1.000000","2.254178","5","1","ToMfROIS_resp_ToM_20170720","ToMfROIS","ToM","Top10Percent","Old_evlab_pipeline"
"3","1525","152","1.000000","1.875847","5","1","ToMfROIS_resp_ToM_20170720","ToMfROIS","ToM","Top10Percent","Old_evlab_pipeline"
"4","4182","418","1.000000","1.286706","5","1","ToMfROIS_resp_ToM_20170720","ToMfROIS","ToM","Top10Percent","Old_evlab_pipeline"
"5","3419","341","1.000000","2.702105","5","1","ToMfROIS_resp_ToM_20170720","ToMfROIS","ToM","Top10Percent","Old_evlab_pipeline"
"6","1313","131","1.000000","1.619785","5","1","ToMfROIS_resp_ToM_20170720","ToMfROIS","ToM","Top10Percent","Old_evlab_pipeline"
"7","4051","405","1.000000","1.887419","5","1","ToMfROIS_resp_ToM_20170720","ToMfROIS","ToM","Top10Percent","Old_evlab_pipeline"
"1","1885","188","1.000000","-0.020410","5","2","ToMfROIS_resp_ToM_20170720","ToMfROIS","ToM","Top10Percent","Old_evlab_pipeline"
"2","3322","332","1.000000","0.661380","5","2","ToMfROIS_resp_ToM_20170720","ToMfROIS","ToM","Top10Percent","Old_evlab_pipeline"
"3","1525","152","1.000000","-0.659494","5","2","ToMfROIS_resp_ToM_20170720","ToMfROIS","ToM","Top10Percent","Old_evlab_pipeline"
"4","4182","418","1.000000","0.116300","5","2","ToMfROIS_resp_ToM_20170720","ToMfROIS","ToM","Top10Percent","Old_evlab_pipeline"
"5","3419","341","1.000000","0.312375","5","2","ToMfROIS_resp_ToM_20170720","ToMfROIS","ToM","Top10Percent","Old_evlab_pipeline"
"6","1313","131","1.000000","-0.216360","5","2","ToMfROIS_resp_ToM_20170720","ToMfROIS","ToM","Top10Percent","Old_evlab_pipeline"
"7","4051","405","1.000000","0.466299","5","2","ToMfROIS_resp_ToM_20170720","ToMfROIS","ToM","Top10Percent","Old_evlab_pipeline"
"1","1885","188","1.000000","3.202143","5","3","ToMfROIS_resp_ToM_20170720","ToMfROIS","ToM","Top10Percent","Old_evlab_pipeline"
"2","3322","332","1.000000","1.592798","5","3","ToMfROIS_resp_ToM_20170720","ToMfROIS","ToM","Top10Percent","Old_evlab_pipeline"
"3","1525","152","1.000000","2.535341","5","3","ToMfROIS_resp_ToM_20170720","ToMfROIS","ToM","Top10Percent","Old_evlab_pipeline"
"4","4182","418","1.000000","1.170406","5","3","ToMfROIS_resp_ToM_20170720","ToMfROIS","ToM","Top10Percent","Old_evlab_pipeline"
"5","3419","341","1.000000","2.389731","5","3","ToMfROIS_resp_ToM_20170720","ToMfROIS","ToM","Top10Percent","Old_evlab_pipeline"
"6","1313","131","1.000000","1.836146","5","3","ToMfROIS_resp_ToM_20170720","ToMfROIS","ToM","Top10Percent","Old_evlab_pipeline"
"7","4051","405","1.000000","1.42112","5","3","ToMfROIS_resp_ToM_20170720","ToMfROIS","ToM","Top10Percent","Old_evlab_pipeline"
"1","1885","188","1.000000","1.042216","6","1","ToMfROIS_resp_ToM_20170720","ToMfROIS","ToM","Top10Percent","Old_evlab_pipeline"
"2","3322","332","1.000000","1.400154","6","1","ToMfROIS_resp_ToM_20170720","ToMfROIS","ToM","Top10Percent","Old_evlab_pipeline"
"3","1525","152","1.000000","-0.09585","6","1","ToMfROIS_resp_ToM_20170720","ToMfROIS","ToM","Top10Percent","Old_evlab_pipeline"
"4","4182","418","1.000000","0.212433","6","1","ToMfROIS_resp_ToM_20170720","ToMfROIS","ToM","Top10Percent","Old_evlab_pipeline"
"5","3419","341","1.000000","0.965237","6","1","ToMfROIS_resp_ToM_20170720","ToMfROIS","ToM","Top10Percent","Old_evlab_pipeline"
"6","1313","131","1.000000","0.808483","6","1","ToMfROIS_resp_ToM_20170720","ToMfROIS","ToM","Top10Percent","Old_evlab_pipeline"
"7","4051","405","1.000000","0.265526","6","1","ToMfROIS_resp_ToM_20170720","ToMfROIS","ToM","Top10Percent","Old_evlab_pipeline"
"1","1885","188","1.000000","-0.321882","6","2","ToMfROIS_resp_ToM_20170720","ToMfROIS","ToM","Top10Percent","Old_evlab_pipeline"
"2","3322","332","1.000000","0.223549","6","2","ToMfROIS_resp_ToM_20170720","ToMfROIS","ToM","Top10Percent","Old_evlab_pipeline"
"3","1525","152","1.000000","0.124891","6","2","ToMfROIS_resp_ToM_20170720","ToMfROIS","ToM","Top10Percent","Old_evlab_pipeline"
"4","4182","418","1.000000","-0.775553","6","2","ToMfROIS_resp_ToM_20170720","ToMfROIS","ToM","Top10Percent","Old_evlab_pipeline"
"5","3419","341","1.000000","-0.605383","6","2","ToMfROIS_resp_ToM_20170720","ToMfROIS","ToM","Top10Percent","Old_evlab_pipeline"
"6","1313","131","1.000000","0.862634","6","2","ToMfROIS_resp_ToM_20170720","ToMfROIS","ToM","Top10Percent","Old_evlab_pipeline"
"7","4051","405","1.000000","-0.152529","6","2","ToMfROIS_resp_ToM_20170720","ToMfROIS","ToM","Top10Percent","Old_evlab_pipeline"
"1","1885","188","1.000000","1.364099","6","3","ToMfROIS_resp_ToM_20170720","ToMfROIS","ToM","Top10Percent","Old_evlab_pipeline"
"2","3322","332","1.000000","1.176605","6","3","ToMfROIS_resp_ToM_20170720","ToMfROIS","ToM","Top10Percent","Old_evlab_pipeline"
"3","1525","152","1.000000","-0.22074","6","3","ToMfROIS_resp_ToM_20170720","ToMfROIS","ToM","Top10Percent","Old_evlab_pipeline"
"4","4182","418","1.000000","0.987986","6","3","ToMfROIS_resp_ToM_20170720","ToMfROIS","ToM","Top10Percent","Old_evlab_pipeline"
"5","3419","341","1.000000","1.57062","6","3","ToMfROIS_resp_ToM_20170720","ToMfROIS","ToM","Top10Percent","Old_evlab_pipeline"
"6","1313","131","1.000000","-0.054151","6","3","ToMfROIS_resp_ToM_20170720","ToMfROIS","ToM","Top10Percent","Old_evlab_pipeline"
"7","4051","405","1.000000","0.418054","6","3","ToMfROIS_resp_ToM_20170720","ToMfROIS","ToM","Top10Percent","Old_evlab_pipeline"
"1","1885","188","1.000000","2.573024","7","1","ToMfROIS_resp_ToM_20170720","ToMfROIS","ToM","Top10Percent","Old_evlab_pipeline"
"2","3322","332","1.000000","1.614149","7","1","ToMfROIS_resp_ToM_20170720","ToMfROIS","ToM","Top10Percent","Old_evlab_pipeline"
"3","1525","152","1.000000","0.724997","7","1","ToMfROIS_resp_ToM_20170720","ToMfROIS","ToM","Top10Percent","Old_evlab_pipeline"
"4","4182","418","1.000000","1.837385","7","1","ToMfROIS_resp_ToM_20170720","ToMfROIS","ToM","Top10Percent","Old_evlab_pipeline"
"5","3419","341","1.000000","1.775081","7","1","ToMfROIS_resp_ToM_20170720","ToMfROIS","ToM","Top10Percent","Old_evlab_pipeline"
"6","1313","131","1.000000","1.12697","7","1","ToMfROIS_resp_ToM_20170720","ToMfROIS","ToM","Top10Percent","Old_evlab_pipeline"
"7","4051","405","1.000000","1.084931","7","1","ToMfROIS_resp_ToM_20170720","ToMfROIS","ToM","Top10Percent","Old_evlab_pipeline"
"1","1885","188","1.000000","0.021756","7","2","ToMfROIS_resp_ToM_20170720","ToMfROIS","ToM","Top10Percent","Old_evlab_pipeline"
"2","3322","332","1.000000","1.030015","7","2","ToMfROIS_resp_ToM_20170720","ToMfROIS","ToM","Top10Percent","Old_evlab_pipeline"
"3","1525","152","1.000000","-0.463261","7","2","ToMfROIS_resp_ToM_20170720","ToMfROIS","ToM","Top10Percent","Old_evlab_pipeline"
"4","4182","418","1.000000","0.436449","7","2","ToMfROIS_resp_ToM_20170720","ToMfROIS","ToM","Top10Percent","Old_evlab_pipeline"
"5","3419","341","1.000000","0.420968","7","2","ToMfROIS_resp_ToM_20170720","ToMfROIS","ToM","Top10Percent","Old_evlab_pipeline"
"6","1313","131","1.000000","0.235198","7","2","ToMfROIS_resp_ToM_20170720","ToMfROIS","ToM","Top10Percent","Old_evlab_pipeline"
"7","4051","405","1.000000","0.250631","7","2","ToMfROIS_resp_ToM_20170720","ToMfROIS","ToM","Top10Percent","Old_evlab_pipeline"
"1","1885","188","1.000000","2.551268","7","3","ToMfROIS_resp_ToM_20170720","ToMfROIS","ToM","Top10Percent","Old_evlab_pipeline"
"2","3322","332","1.000000","0.584133","7","3","ToMfROIS_resp_ToM_20170720","ToMfROIS","ToM","Top10Percent","Old_evlab_pipeline"
"3","1525","152","1.000000","1.188258","7","3","ToMfROIS_resp_ToM_20170720","ToMfROIS","ToM","Top10Percent","Old_evlab_pipeline"
"4","4182","418","1.000000","1.400937","7","3","ToMfROIS_resp_ToM_20170720","ToMfROIS","ToM","Top10Percent","Old_evlab_pipeline"
"5","3419","341","1.000000","1.354114","7","3","ToMfROIS_resp_ToM_20170720","ToMfROIS","ToM","Top10Percent","Old_evlab_pipeline"
"6","1313","131","1.000000","0.891771","7","3","ToMfROIS_resp_ToM_20170720","ToMfROIS","ToM","Top10Percent","Old_evlab_pipeline"
"7","4051","405","1.000000","0.8343","7","3","ToMfROIS_resp_ToM_20170720","ToMfROIS","ToM","Top10Percent","Old_evlab_pipeline"
"1","1885","188","1.000000","0.350613","8","1","ToMfROIS_resp_ToM_20170720","ToMfROIS","ToM","Top10Percent","Old_evlab_pipeline"
"2","3322","332","1.000000","0.691984","8","1","ToMfROIS_resp_ToM_20170720","ToMfROIS","ToM","Top10Percent","Old_evlab_pipeline"
"3","1525","152","1.000000","0.129214","8","1","ToMfROIS_resp_ToM_20170720","ToMfROIS","ToM","Top10Percent","Old_evlab_pipeline"
"4","4182","418","1.000000","0.239499","8","1","ToMfROIS_resp_ToM_20170720","ToMfROIS","ToM","Top10Percent","Old_evlab_pipeline"
"5","3419","341","1.000000","0.64344","8","1","ToMfROIS_resp_ToM_20170720","ToMfROIS","ToM","Top10Percent","Old_evlab_pipeline"
"6","1313","131","1.000000","0.641568","8","1","ToMfROIS_resp_ToM_20170720","ToMfROIS","ToM","Top10Percent","Old_evlab_pipeline"
"7","4051","405","1.000000","0.872812","8","1","ToMfROIS_resp_ToM_20170720","ToMfROIS","ToM","Top10Percent","Old_evlab_pipeline"
"1","1885","188","1.000000","-0.708252","8","2","ToMfROIS_resp_ToM_20170720","ToMfROIS","ToM","Top10Percent","Old_evlab_pipeline"
"2","3322","332","1.000000","0.247676","8","2","ToMfROIS_resp_ToM_20170720","ToMfROIS","ToM","Top10Percent","Old_evlab_pipeline"
"3","1525","152","1.000000","-0.609429","8","2","ToMfROIS_resp_ToM_20170720","ToMfROIS","ToM","Top10Percent","Old_evlab_pipeline"
"4","4182","418","1.000000","-0.178217","8","2","ToMfROIS_resp_ToM_20170720","ToMfROIS","ToM","Top10Percent","Old_evlab_pipeline"
"5","3419","341","1.000000","-0.215365","8","2","ToMfROIS_resp_ToM_20170720","ToMfROIS","ToM","Top10Percent","Old_evlab_pipeline"
"6","1313","131","1.000000","-0.148672","8","2","ToMfROIS_resp_ToM_20170720","ToMfROIS","ToM","Top10Percent","Old_evlab_pipeline"
"7","4051","405","1.000000","-0.059465","8","2","ToMfROIS_resp_ToM_20170720","ToMfROIS","ToM","Top10Percent","Old_evlab_pipeline"
"1","1885","188","1.000000","1.058864","8","3","ToMfROIS_resp_ToM_20170720","ToMfROIS","ToM","Top10Percent","Old_evlab_pipeline"
"2","3322","332","1.000000","0.444308","8","3","ToMfROIS_resp_ToM_20170720","ToMfROIS","ToM","Top10Percent","Old_evlab_pipeline"
"3","1525","152","1.000000","0.738643","8","3","ToMfROIS_resp_ToM_20170720","ToMfROIS","ToM","Top10Percent","Old_evlab_pipeline"
"4","4182","418","1.000000","0.417716","8","3","ToMfROIS_resp_ToM_20170720","ToMfROIS","ToM","Top10Percent","Old_evlab_pipeline"
"5","3419","341","1.000000","0.858805","8","3","ToMfROIS_resp_ToM_20170720","ToMfROIS","ToM","Top10Percent","Old_evlab_pipeline"
"6","1313","131","1.000000","0.79024","8","3","ToMfROIS_resp_ToM_20170720","ToMfROIS","ToM","Top10Percent","Old_evlab_pipeline"
"7","4051","405","1.000000","0.932277","8","3","ToMfROIS_resp_ToM_20170720","ToMfROIS","ToM","Top10Percent","Old_evlab_pipeline"
"1","1885","188","1.000000","1.275054","9","1","ToMfROIS_resp_ToM_20170720","ToMfROIS","ToM","Top10Percent","Old_evlab_pipeline"
"2","3322","332","1.000000","0.689611","9","1","ToMfROIS_resp_ToM_20170720","ToMfROIS","ToM","Top10Percent","Old_evlab_pipeline"
"3","1525","152","1.000000","0.95668","9","1","ToMfROIS_resp_ToM_20170720","ToMfROIS","ToM","Top10Percent","Old_evlab_pipeline"
"4","4182","418","1.000000","0.547553","9","1","ToMfROIS_resp_ToM_20170720","ToMfROIS","ToM","Top10Percent","Old_evlab_pipeline"
"5","3419","341","1.000000","0.559317","9","1","ToMfROIS_resp_ToM_20170720","ToMfROIS","ToM","Top10Percent","Old_evlab_pipeline"
"6","1313","131","1.000000","1.506288","9","1","ToMfROIS_resp_ToM_20170720","ToMfROIS","ToM","Top10Percent","Old_evlab_pipeline"
"7","4051","405","1.000000","0.417957","9","1","ToMfROIS_resp_ToM_20170720","ToMfROIS","ToM","Top10Percent","Old_evlab_pipeline"
"1","1885","188","1.000000","0.238563","9","2","ToMfROIS_resp_ToM_20170720","ToMfROIS","ToM","Top10Percent","Old_evlab_pipeline"
"2","3322","332","1.000000","0.184851","9","2","ToMfROIS_resp_ToM_20170720","ToMfROIS","ToM","Top10Percent","Old_evlab_pipeline"
"3","1525","152","1.000000","0.250033","9","2","ToMfROIS_resp_ToM_20170720","ToMfROIS","ToM","Top10Percent","Old_evlab_pipeline"
"4","4182","418","1.000000","-0.11482","9","2","ToMfROIS_resp_ToM_20170720","ToMfROIS","ToM","Top10Percent","Old_evlab_pipeline"
"5","3419","341","1.000000","-0.232651","9","2","ToMfROIS_resp_ToM_20170720","ToMfROIS","ToM","Top10Percent","Old_evlab_pipeline"
"6","1313","131","1.000000","-0.009702","9","2","ToMfROIS_resp_ToM_20170720","ToMfROIS","ToM","Top10Percent","Old_evlab_pipeline"
"7","4051","405","1.000000","-0.014698","9","2","ToMfROIS_resp_ToM_20170720","ToMfROIS","ToM","Top10Percent","Old_evlab_pipeline"
"1","1885","188","1.000000","1.036491","9","3","ToMfROIS_resp_ToM_20170720","ToMfROIS","ToM","Top10Percent","Old_evlab_pipeline"
"2","3322","332","1.000000","0.50476","9","3","ToMfROIS_resp_ToM_20170720","ToMfROIS","ToM","Top10Percent","Old_evlab_pipeline"
"3","1525","152","1.000000","0.706647","9","3","ToMfROIS_resp_ToM_20170720","ToMfROIS","ToM","Top10Percent","Old_evlab_pipeline"
"4","4182","418","1.000000","0.662373","9","3","ToMfROIS_resp_ToM_20170720","ToMfROIS","ToM","Top10Percent","Old_evlab_pipeline"
"5","3419","341","1.000000","0.791968","9","3","ToMfROIS_resp_ToM_20170720","ToMfROIS","ToM","Top10Percent","Old_evlab_pipeline"
"6","1313","131","1.000000","1.51599","9","3","ToMfROIS_resp_ToM_20170720","ToMfROIS","ToM","Top10Percent","Old_evlab_pipeline"
"7","4051","405","1.000000","0.432655","9","3","ToMfROIS_resp_ToM_20170720","ToMfROIS","ToM","Top10Percent","Old_evlab_pipeline"
"1","1885","188","1.000000","3.270379","10","1","ToMfROIS_resp_ToM_20170720","ToMfROIS","ToM","Top10Percent","Old_evlab_pipeline"
"2","3322","332","1.000000","0.961197","10","1","ToMfROIS_resp_ToM_20170720","ToMfROIS","ToM","Top10Percent","Old_evlab_pipeline"
"3","1525","152","1.000000","1.001247","10","1","ToMfROIS_resp_ToM_20170720","ToMfROIS","ToM","Top10Percent","Old_evlab_pipeline"
"4","4182","418","1.000000","1.029634","10","1","ToMfROIS_resp_ToM_20170720","ToMfROIS","ToM","Top10Percent","Old_evlab_pipeline"
"5","3419","341","1.000000","1.157448","10","1","ToMfROIS_resp_ToM_20170720","ToMfROIS","ToM","Top10Percent","Old_evlab_pipeline"
"6","1313","131","1.000000","1.299178","10","1","ToMfROIS_resp_ToM_20170720","ToMfROIS","ToM","Top10Percent","Old_evlab_pipeline"
"7","4051","405","1.000000","1.051264","10","1","ToMfROIS_resp_ToM_20170720","ToMfROIS","ToM","Top10Percent","Old_evlab_pipeline"
"1","1885","188","1.000000","-0.043785","10","2","ToMfROIS_resp_ToM_20170720","ToMfROIS","ToM","Top10Percent","Old_evlab_pipeline"
"2","3322","332","1.000000","0.287387","10","2","ToMfROIS_resp_ToM_20170720","ToMfROIS","ToM","Top10Percent","Old_evlab_pipeline"
"3","1525","152","1.000000","-0.84586","10","2","ToMfROIS_resp_ToM_20170720","ToMfROIS","ToM","Top10Percent","Old_evlab_pipeline"
"4","4182","418","1.000000","0.207453","10","2","ToMfROIS_resp_ToM_20170720","ToMfROIS","ToM","Top10Percent","Old_evlab_pipeline"
"5","3419","341","1.000000","0.010698","10","2","ToMfROIS_resp_ToM_20170720","ToMfROIS","ToM","Top10Percent","Old_evlab_pipeline"
"6","1313","131","1.000000","-0.0735","10","2","ToMfROIS_resp_ToM_20170720","ToMfROIS","ToM","Top10Percent","Old_evlab_pipeline"
"7","4051","405","1.000000","0.19487","10","2","ToMfROIS_resp_ToM_20170720","ToMfROIS","ToM","Top10Percent","Old_evlab_pipeline"
"1","1885","188","1.000000","3.314164","10","3","ToMfROIS_resp_ToM_20170720","ToMfROIS","ToM","Top10Percent","Old_evlab_pipeline"
"2","3322","332","1.000000","0.67381","10","3","ToMfROIS_resp_ToM_20170720","ToMfROIS","ToM","Top10Percent","Old_evlab_pipeline"
"3","1525","152","1.000000","1.847107","10","3","ToMfROIS_resp_ToM_20170720","ToMfROIS","ToM","Top10Percent","Old_evlab_pipeline"
"4","4182","418","1.000000","0.822181","10","3","ToMfROIS_resp_ToM_20170720","ToMfROIS","ToM","Top10Percent","Old_evlab_pipeline"
"5","3419","341","1.000000","1.14675","10","3","ToMfROIS_resp_ToM_20170720","ToMfROIS","ToM","Top10Percent","Old_evlab_pipeline"
"6","1313","131","1.000000","1.372678","10","3","ToMfROIS_resp_ToM_20170720","ToMfROIS","ToM","Top10Percent","Old_evlab_pipeline"
"7","4051","405","1.000000","0.856394","10","3","ToMfROIS_resp_ToM_20170720","ToMfROIS","ToM","Top10Percent","Old_evlab_pipeline"
"1","1885","188","1.000000","1.669439","11","1","ToMfROIS_resp_ToM_20170720","ToMfROIS","ToM","Top10Percent","Old_evlab_pipeline"
"2","3322","332","1.000000","1.600263","11","1","ToMfROIS_resp_ToM_20170720","ToMfROIS","ToM","Top10Percent","Old_evlab_pipeline"
"3","1525","152","1.000000","0.368805","11","1","ToMfROIS_resp_ToM_20170720","ToMfROIS","ToM","Top10Percent","Old_evlab_pipeline"
"4","4182","418","1.000000","1.262064","11","1","ToMfROIS_resp_ToM_20170720","ToMfROIS","ToM","Top10Percent","Old_evlab_pipeline"
"5","3419","341","1.000000","1.18297","11","1","ToMfROIS_resp_ToM_20170720","ToMfROIS","ToM","Top10Percent","Old_evlab_pipeline"
"6","1313","131","1.000000","0.77805","11","1","ToMfROIS_resp_ToM_20170720","ToMfROIS","ToM","Top10Percent","Old_evlab_pipeline"
"7","4051","405","1.000000","1.029066","11","1","ToMfROIS_resp_ToM_20170720","ToMfROIS","ToM","Top10Percent","Old_evlab_pipeline"
"1","1885","188","1.000000","-0.203804","11","2","ToMfROIS_resp_ToM_20170720","ToMfROIS","ToM","Top10Percent","Old_evlab_pipeline"
"2","3322","332","1.000000","0.512584","11","2","ToMfROIS_resp_ToM_20170720","ToMfROIS","ToM","Top10Percent","Old_evlab_pipeline"
"3","1525","152","1.000000","-1.013983","11","2","ToMfROIS_resp_ToM_20170720","ToMfROIS","ToM","Top10Percent","Old_evlab_pipeline"
"4","4182","418","1.000000","0.150922","11","2","ToMfROIS_resp_ToM_20170720","ToMfROIS","ToM","Top10Percent","Old_evlab_pipeline"
"5","3419","341","1.000000","0.19775","11","2","ToMfROIS_resp_ToM_20170720","ToMfROIS","ToM","Top10Percent","Old_evlab_pipeline"
"6","1313","131","1.000000","-0.264946","11","2","ToMfROIS_resp_ToM_20170720","ToMfROIS","ToM","Top10Percent","Old_evlab_pipeline"
"7","4051","405","1.000000","0.073765","11","2","ToMfROIS_resp_ToM_20170720","ToMfROIS","ToM","Top10Percent","Old_evlab_pipeline"
"1","1885","188","1.000000","1.873243","11","3","ToMfROIS_resp_ToM_20170720","ToMfROIS","ToM","Top10Percent","Old_evlab_pipeline"
"2","3322","332","1.000000","1.087679","11","3","ToMfROIS_resp_ToM_20170720","ToMfROIS","ToM","Top10Percent","Old_evlab_pipeline"
"3","1525","152","1.000000","1.382788","11","3","ToMfROIS_resp_ToM_20170720","ToMfROIS","ToM","Top10Percent","Old_evlab_pipeline"
"4","4182","418","1.000000","1.111142","11","3","ToMfROIS_resp_ToM_20170720","ToMfROIS","ToM","Top10Percent","Old_evlab_pipeline"
"5","3419","341","1.000000","0.98522","11","3","ToMfROIS_resp_ToM_20170720","ToMfROIS","ToM","Top10Percent","Old_evlab_pipeline"
"6","1313","131","1.000000","1.042996","11","3","ToMfROIS_resp_ToM_20170720","ToMfROIS","ToM","Top10Percent","Old_evlab_pipeline"
"7","4051","405","1.000000","0.955302","11","3","ToMfROIS_resp_ToM_20170720","ToMfROIS","ToM","Top10Percent","Old_evlab_pipeline"
"1","1885","188","1.000000","0.631963","12","1","ToMfROIS_resp_ToM_20170720","ToMfROIS","ToM","Top10Percent","Old_evlab_pipeline"
"2","3322","332","1.000000","2.250398","12","1","ToMfROIS_resp_ToM_20170720","ToMfROIS","ToM","Top10Percent","Old_evlab_pipeline"
"3","1525","152","1.000000","-0.255658","12","1","ToMfROIS_resp_ToM_20170720","ToMfROIS","ToM","Top10Percent","Old_evlab_pipeline"
"4","4182","418","1.000000","0.720351","12","1","ToMfROIS_resp_ToM_20170720","ToMfROIS","ToM","Top10Percent","Old_evlab_pipeline"
"5","3419","341","1.000000","1.071935","12","1","ToMfROIS_resp_ToM_20170720","ToMfROIS","ToM","Top10Percent","Old_evlab_pipeline"
"6","1313","131","1.000000","0.244561","12","1","ToMfROIS_resp_ToM_20170720","ToMfROIS","ToM","Top10Percent","Old_evlab_pipeline"
"7","4051","405","1.000000","0.841471","12","1","ToMfROIS_resp_ToM_20170720","ToMfROIS","ToM","Top10Percent","Old_evlab_pipeline"
"1","1885","188","1.000000","-0.865798","12","2","ToMfROIS_resp_ToM_20170720","ToMfROIS","ToM","Top10Percent","Old_evlab_pipeline"
"2","3322","332","1.000000","0.194574","12","2","ToMfROIS_resp_ToM_20170720","ToMfROIS","ToM","Top10Percent","Old_evlab_pipeline"
"3","1525","152","1.000000","-1.420462","12","2","ToMfROIS_resp_ToM_20170720","ToMfROIS","ToM","Top10Percent","Old_evlab_pipeline"
"4","4182","418","1.000000","-1.172659","12","2","ToMfROIS_resp_ToM_20170720","ToMfROIS","ToM","Top10Percent","Old_evlab_pipeline"
"5","3419","341","1.000000","-1.017863","12","2","ToMfROIS_resp_ToM_20170720","ToMfROIS","ToM","Top10Percent","Old_evlab_pipeline"
"6","1313","131","1.000000","-0.337442","12","2","ToMfROIS_resp_ToM_20170720","ToMfROIS","ToM","Top10Percent","Old_evlab_pipeline"
"7","4051","405","1.000000","-0.394623","12","2","ToMfROIS_resp_ToM_20170720","ToMfROIS","ToM","Top10Percent","Old_evlab_pipeline"
"1","1885","188","1.000000","1.497761","12","3","ToMfROIS_resp_ToM_20170720","ToMfROIS","ToM","Top10Percent","Old_evlab_pipeline"
"2","3322","332","1.000000","2.055824","12","3","ToMfROIS_resp_ToM_20170720","ToMfROIS","ToM","Top10Percent","Old_evlab_pipeline"
"3","1525","152","1.000000","1.164804","12","3","ToMfROIS_resp_ToM_20170720","ToMfROIS","ToM","Top10Percent","Old_evlab_pipeline"
"4","4182","418","1.000000","1.89301","12","3","ToMfROIS_resp_ToM_20170720","ToMfROIS","ToM","Top10Percent","Old_evlab_pipeline"
"5","3419","341","1.000000","2.089798","12","3","ToMfROIS_resp_ToM_20170720","ToMfROIS","ToM","Top10Percent","Old_evlab_pipeline"
"6","1313","131","1.000000","0.582003","12","3","ToMfROIS_resp_ToM_20170720","ToMfROIS","ToM","Top10Percent","Old_evlab_pipeline"
"7","4051","405","1.000000","1.236095","12","3","ToMfROIS_resp_ToM_20170720","ToMfROIS","ToM","Top10Percent","Old_evlab_pipeline"
"1","1885","188","1.000000","-0.594218","13","1","ToMfROIS_resp_ToM_20170720","ToMfROIS","ToM","Top10Percent","Old_evlab_pipeline"
"2","3322","332","1.000000","1.120791","13","1","ToMfROIS_resp_ToM_20170720","ToMfROIS","ToM","Top10Percent","Old_evlab_pipeline"
"3","1525","152","1.000000","-0.925149","13","1","ToMfROIS_resp_ToM_20170720","ToMfROIS","ToM","Top10Percent","Old_evlab_pipeline"
"4","4182","418","1.000000","0.081765","13","1","ToMfROIS_resp_ToM_20170720","ToMfROIS","ToM","Top10Percent","Old_evlab_pipeline"
"5","3419","341","1.000000","0.082987","13","1","ToMfROIS_resp_ToM_20170720","ToMfROIS","ToM","Top10Percent","Old_evlab_pipeline"
"6","1313","131","1.000000","-0.344024","13","1","ToMfROIS_resp_ToM_20170720","ToMfROIS","ToM","Top10Percent","Old_evlab_pipeline"
"7","4051","405","1.000000","0.609865","13","1","ToMfROIS_resp_ToM_20170720","ToMfROIS","ToM","Top10Percent","Old_evlab_pipeline"
"1","1885","188","1.000000","-1.204715","13","2","ToMfROIS_resp_ToM_20170720","ToMfROIS","ToM","Top10Percent","Old_evlab_pipeline"
"2","3322","332","1.000000","0.14928","13","2","ToMfROIS_resp_ToM_20170720","ToMfROIS","ToM","Top10Percent","Old_evlab_pipeline"
"3","1525","152","1.000000","-1.372325","13","2","ToMfROIS_resp_ToM_20170720","ToMfROIS","ToM","Top10Percent","Old_evlab_pipeline"
"4","4182","418","1.000000","-0.873047","13","2","ToMfROIS_resp_ToM_20170720","ToMfROIS","ToM","Top10Percent","Old_evlab_pipeline"
"5","3419","341","1.000000","-1.442348","13","2","ToMfROIS_resp_ToM_20170720","ToMfROIS","ToM","Top10Percent","Old_evlab_pipeline"
"6","1313","131","1.000000","-0.639969","13","2","ToMfROIS_resp_ToM_20170720","ToMfROIS","ToM","Top10Percent","Old_evlab_pipeline"
"7","4051","405","1.000000","-0.49074","13","2","ToMfROIS_resp_ToM_20170720","ToMfROIS","ToM","Top10Percent","Old_evlab_pipeline"
"1","1885","188","1.000000","0.610497","13","3","ToMfROIS_resp_ToM_20170720","ToMfROIS","ToM","Top10Percent","Old_evlab_pipeline"
"2","3322","332","1.000000","0.971511","13","3","ToMfROIS_resp_ToM_20170720","ToMfROIS","ToM","Top10Percent","Old_evlab_pipeline"
"3","1525","152","1.000000","0.447176","13","3","ToMfROIS_resp_ToM_20170720","ToMfROIS","ToM","Top10Percent","Old_evlab_pipeline"
"4","4182","418","1.000000","0.954812","13","3","ToMfROIS_resp_ToM_20170720","ToMfROIS","ToM","Top10Percent","Old_evlab_pipeline"
"5","3419","341","1.000000","1.525335","13","3","ToMfROIS_resp_ToM_20170720","ToMfROIS","ToM","Top10Percent","Old_evlab_pipeline"
"6","1313","131","1.000000","0.295946","13","3","ToMfROIS_resp_ToM_20170720","ToMfROIS","ToM","Top10Percent","Old_evlab_pipeline"
"7","4051","405","1.000000","1.100606","13","3","ToMfROIS_resp_ToM_20170720","ToMfROIS","ToM","Top10Percent","Old_evlab_pipeline"
"1","1885","188","1.000000","0.509821","14","1","ToMfROIS_resp_ToM_20170720","ToMfROIS","ToM","Top10Percent","Old_evlab_pipeline"
"2","3322","332","1.000000","1.852382","14","1","ToMfROIS_resp_ToM_20170720","ToMfROIS","ToM","Top10Percent","Old_evlab_pipeline"
"3","1525","152","1.000000","-0.059744","14","1","ToMfROIS_resp_ToM_20170720","ToMfROIS","ToM","Top10Percent","Old_evlab_pipeline"
"4","4182","418","1.000000","0.522373","14","1","ToMfROIS_resp_ToM_20170720","ToMfROIS","ToM","Top10Percent","Old_evlab_pipeline"
"5","3419","341","1.000000","1.727069","14","1","ToMfROIS_resp_ToM_20170720","ToMfROIS","ToM","Top10Percent","Old_evlab_pipeline"
"6","1313","131","1.000000","0.844125","14","1","ToMfROIS_resp_ToM_20170720","ToMfROIS","ToM","Top10Percent","Old_evlab_pipeline"
"7","4051","405","1.000000","1.451512","14","1","ToMfROIS_resp_ToM_20170720","ToMfROIS","ToM","Top10Percent","Old_evlab_pipeline"
"1","1885","188","1.000000","0.01039","14","2","ToMfROIS_resp_ToM_20170720","ToMfROIS","ToM","Top10Percent","Old_evlab_pipeline"
"2","3322","332","1.000000","1.37777","14","2","ToMfROIS_resp_ToM_20170720","ToMfROIS","ToM","Top10Percent","Old_evlab_pipeline"
"3","1525","152","1.000000","0.034889","14","2","ToMfROIS_resp_ToM_20170720","ToMfROIS","ToM","Top10Percent","Old_evlab_pipeline"
"4","4182","418","1.000000","0.228597","14","2","ToMfROIS_resp_ToM_20170720","ToMfROIS","ToM","Top10Percent","Old_evlab_pipeline"
"5","3419","341","1.000000","0.926837","14","2","ToMfROIS_resp_ToM_20170720","ToMfROIS","ToM","Top10Percent","Old_evlab_pipeline"
"6","1313","131","1.000000","0.5737","14","2","ToMfROIS_resp_ToM_20170720","ToMfROIS","ToM","Top10Percent","Old_evlab_pipeline"
"7","4051","405","1.000000","1.037859","14","2","ToMfROIS_resp_ToM_20170720","ToMfROIS","ToM","Top10Percent","Old_evlab_pipeline"
"1","1885","188","1.000000","0.499431","14","3","ToMfROIS_resp_ToM_20170720","ToMfROIS","ToM","Top10Percent","Old_evlab_pipeline"
"2","3322","332","1.000000","0.474612","14","3","ToMfROIS_resp_ToM_20170720","ToMfROIS","ToM","Top10Percent","Old_evlab_pipeline"
"3","1525","152","1.000000","-0.094634","14","3","ToMfROIS_resp_ToM_20170720","ToMfROIS","ToM","Top10Percent","Old_evlab_pipeline"
"4","4182","418","1.000000","0.293776","14","3","ToMfROIS_resp_ToM_20170720","ToMfROIS","ToM","Top10Percent","Old_evlab_pipeline"
"5","3419","341","1.000000","0.800232","14","3","ToMfROIS_resp_ToM_20170720","ToMfROIS","ToM","Top10Percent","Old_evlab_pipeline"
"6","1313","131","1.000000","0.270425","14","3","ToMfROIS_resp_ToM_20170720","ToMfROIS","ToM","Top10Percent","Old_evlab_pipeline"
"7","4051","405","1.000000","0.413653","14","3","ToMfROIS_resp_ToM_20170720","ToMfROIS","ToM","Top10Percent","Old_evlab_pipeline"
"1","1885","188","1.000000","0.701794","15","1","ToMfROIS_resp_ToM_20170720","ToMfROIS","ToM","Top10Percent","Old_evlab_pipeline"
"2","3322","332","1.000000","2.156384","15","1","ToMfROIS_resp_ToM_20170720","ToMfROIS","ToM","Top10Percent","Old_evlab_pipeline"
"3","1525","152","1.000000","0.914585","15","1","ToMfROIS_resp_ToM_20170720","ToMfROIS","ToM","Top10Percent","Old_evlab_pipeline"
"4","4182","418","1.000000","1.151355","15","1","ToMfROIS_resp_ToM_20170720","ToMfROIS","ToM","Top10Percent","Old_evlab_pipeline"
"5","3419","341","1.000000","1.27176","15","1","ToMfROIS_resp_ToM_20170720","ToMfROIS","ToM","Top10Percent","Old_evlab_pipeline"
"6","1313","131","1.000000","0.323187","15","1","ToMfROIS_resp_ToM_20170720","ToMfROIS","ToM","Top10Percent","Old_evlab_pipeline"
"7","4051","405","1.000000","0.923177","15","1","ToMfROIS_resp_ToM_20170720","ToMfROIS","ToM","Top10Percent","Old_evlab_pipeline"
"1","1885","188","1.000000","-0.69977","15","2","ToMfROIS_resp_ToM_20170720","ToMfROIS","ToM","Top10Percent","Old_evlab_pipeline"
"2","3322","332","1.000000","0.739315","15","2","ToMfROIS_resp_ToM_20170720","ToMfROIS","ToM","Top10Percent","Old_evlab_pipeline"
"3","1525","152","1.000000","-0.311862","15","2","ToMfROIS_resp_ToM_20170720","ToMfROIS","ToM","Top10Percent","Old_evlab_pipeline"
"4","4182","418","1.000000","-0.191524","15","2","ToMfROIS_resp_ToM_20170720","ToMfROIS","ToM","Top10Percent","Old_evlab_pipeline"
"5","3419","341","1.000000","-0.30737","15","2","ToMfROIS_resp_ToM_20170720","ToMfROIS","ToM","Top10Percent","Old_evlab_pipeline"
"6","1313","131","1.000000","0.104437","15","2","ToMfROIS_resp_ToM_20170720","ToMfROIS","ToM","Top10Percent","Old_evlab_pipeline"
"7","4051","405","1.000000","-0.129758","15","2","ToMfROIS_resp_ToM_20170720","ToMfROIS","ToM","Top10Percent","Old_evlab_pipeline"
"1","1885","188","1.000000","1.401563","15","3","ToMfROIS_resp_ToM_20170720","ToMfROIS","ToM","Top10Percent","Old_evlab_pipeline"
"2","3322","332","1.000000","1.417069","15","3","ToMfROIS_resp_ToM_20170720","ToMfROIS","ToM","Top10Percent","Old_evlab_pipeline"
"3","1525","152","1.000000","1.226447","15","3","ToMfROIS_resp_ToM_20170720","ToMfROIS","ToM","Top10Percent","Old_evlab_pipeline"
"4","4182","418","1.000000","1.342879","15","3","ToMfROIS_resp_ToM_20170720","ToMfROIS","ToM","Top10Percent","Old_evlab_pipeline"
"5","3419","341","1.000000","1.57913","15","3","ToMfROIS_resp_ToM_20170720","ToMfROIS","ToM","Top10Percent","Old_evlab_pipeline"
"6","1313","131","1.000000","0.21875","15","3","ToMfROIS_resp_ToM_20170720","ToMfROIS","ToM","Top10Percent","Old_evlab_pipeline"
"7","4051","405","1.000000","1.052935","15","3","ToMfROIS_resp_ToM_20170720","ToMfROIS","ToM","Top10Percent","Old_evlab_pipeline"
"1","1885","188","1.000000","0.466228","16","1","ToMfROIS_resp_ToM_20170720","ToMfROIS","ToM","Top10Percent","Old_evlab_pipeline"
"2","3322","332","1.000000","0.960282","16","1","ToMfROIS_resp_ToM_20170720","ToMfROIS","ToM","Top10Percent","Old_evlab_pipeline"
"3","1525","152","1.000000","-0.187245","16","1","ToMfROIS_resp_ToM_20170720","ToMfROIS","ToM","Top10Percent","Old_evlab_pipeline"
"4","4182","418","1.000000","0.352934","16","1","ToMfROIS_resp_ToM_20170720","ToMfROIS","ToM","Top10Percent","Old_evlab_pipeline"
"5","3419","341","1.000000","0.892574","16","1","ToMfROIS_resp_ToM_20170720","ToMfROIS","ToM","Top10Percent","Old_evlab_pipeline"
"6","1313","131","1.000000","-0.103584","16","1","ToMfROIS_resp_ToM_20170720","ToMfROIS","ToM","Top10Percent","Old_evlab_pipeline"
"7","4051","405","1.000000","0.704402","16","1","ToMfROIS_resp_ToM_20170720","ToMfROIS","ToM","Top10Percent","Old_evlab_pipeline"
"1","1885","188","1.000000","-0.821172","16","2","ToMfROIS_resp_ToM_20170720","ToMfROIS","ToM","Top10Percent","Old_evlab_pipeline"
"2","3322","332","1.000000","0.185099","16","2","ToMfROIS_resp_ToM_20170720","ToMfROIS","ToM","Top10Percent","Old_evlab_pipeline"
"3","1525","152","1.000000","-1.551798","16","2","ToMfROIS_resp_ToM_20170720","ToMfROIS","ToM","Top10Percent","Old_evlab_pipeline"
"4","4182","418","1.000000","-0.463877","16","2","ToMfROIS_resp_ToM_20170720","ToMfROIS","ToM","Top10Percent","Old_evlab_pipeline"
"5","3419","341","1.000000","-0.361334","16","2","ToMfROIS_resp_ToM_20170720","ToMfROIS","ToM","Top10Percent","Old_evlab_pipeline"
"6","1313","131","1.000000","-0.472518","16","2","ToMfROIS_resp_ToM_20170720","ToMfROIS","ToM","Top10Percent","Old_evlab_pipeline"
"7","4051","405","1.000000","-0.006237","16","2","ToMfROIS_resp_ToM_20170720","ToMfROIS","ToM","Top10Percent","Old_evlab_pipeline"
"1","1885","188","1.000000","1.2874","16","3","ToMfROIS_resp_ToM_20170720","ToMfROIS","ToM","Top10Percent","Old_evlab_pipeline"
"2","3322","332","1.000000","0.775183","16","3","ToMfROIS_resp_ToM_20170720","ToMfROIS","ToM","Top10Percent","Old_evlab_pipeline"
"3","1525","152","1.000000","1.364553","16","3","ToMfROIS_resp_ToM_20170720","ToMfROIS","ToM","Top10Percent","Old_evlab_pipeline"
"4","4182","418","1.000000","0.816811","16","3","ToMfROIS_resp_ToM_20170720","ToMfROIS","ToM","Top10Percent","Old_evlab_pipeline"
"5","3419","341","1.000000","1.253908","16","3","ToMfROIS_resp_ToM_20170720","ToMfROIS","ToM","Top10Percent","Old_evlab_pipeline"
"6","1313","131","1.000000","0.368934","16","3","ToMfROIS_resp_ToM_20170720","ToMfROIS","ToM","Top10Percent","Old_evlab_pipeline"
"7","4051","405","1.000000","0.710639","16","3","ToMfROIS_resp_ToM_20170720","ToMfROIS","ToM","Top10Percent","Old_evlab_pipeline"
"1","1885","188","1.000000","0.007588","17","1","ToMfROIS_resp_ToM_20170720","ToMfROIS","ToM","Top10Percent","Old_evlab_pipeline"
"2","3322","332","1.000000","1.062554","17","1","ToMfROIS_resp_ToM_20170720","ToMfROIS","ToM","Top10Percent","Old_evlab_pipeline"
"3","1525","152","1.000000","-1.165396","17","1","ToMfROIS_resp_ToM_20170720","ToMfROIS","ToM","Top10Percent","Old_evlab_pipeline"
"4","4182","418","1.000000","0.379693","17","1","ToMfROIS_resp_ToM_20170720","ToMfROIS","ToM","Top10Percent","Old_evlab_pipeline"
"5","3419","341","1.000000","0.666277","17","1","ToMfROIS_resp_ToM_20170720","ToMfROIS","ToM","Top10Percent","Old_evlab_pipeline"
"6","1313","131","1.000000","0.383675","17","1","ToMfROIS_resp_ToM_20170720","ToMfROIS","ToM","Top10Percent","Old_evlab_pipeline"
"7","4051","405","1.000000","0.624319","17","1","ToMfROIS_resp_ToM_20170720","ToMfROIS","ToM","Top10Percent","Old_evlab_pipeline"
"1","1885","188","1.000000","-0.777347","17","2","ToMfROIS_resp_ToM_20170720","ToMfROIS","ToM","Top10Percent","Old_evlab_pipeline"
"2","3322","332","1.000000","0.135072","17","2","ToMfROIS_resp_ToM_20170720","ToMfROIS","ToM","Top10Percent","Old_evlab_pipeline"
"3","1525","152","1.000000","-2.466184","17","2","ToMfROIS_resp_ToM_20170720","ToMfROIS","ToM","Top10Percent","Old_evlab_pipeline"
"4","4182","418","1.000000","-0.225696","17","2","ToMfROIS_resp_ToM_20170720","ToMfROIS","ToM","Top10Percent","Old_evlab_pipeline"
"5","3419","341","1.000000","0.112159","17","2","ToMfROIS_resp_ToM_20170720","ToMfROIS","ToM","Top10Percent","Old_evlab_pipeline"
"6","1313","131","1.000000","-0.598363","17","2","ToMfROIS_resp_ToM_20170720","ToMfROIS","ToM","Top10Percent","Old_evlab_pipeline"
"7","4051","405","1.000000","-0.003784","17","2","ToMfROIS_resp_ToM_20170720","ToMfROIS","ToM","Top10Percent","Old_evlab_pipeline"
"1","1885","188","1.000000","0.784935","17","3","ToMfROIS_resp_ToM_20170720","ToMfROIS","ToM","Top10Percent","Old_evlab_pipeline"
"2","3322","332","1.000000","0.927482","17","3","ToMfROIS_resp_ToM_20170720","ToMfROIS","ToM","Top10Percent","Old_evlab_pipeline"
"3","1525","152","1.000000","1.300788","17","3","ToMfROIS_resp_ToM_20170720","ToMfROIS","ToM","Top10Percent","Old_evlab_pipeline"
"4","4182","418","1.000000","0.605389","17","3","ToMfROIS_resp_ToM_20170720","ToMfROIS","ToM","Top10Percent","Old_evlab_pipeline"
"5","3419","341","1.000000","0.554118","17","3","ToMfROIS_resp_ToM_20170720","ToMfROIS","ToM","Top10Percent","Old_evlab_pipeline"
"6","1313","131","1.000000","0.982038","17","3","ToMfROIS_resp_ToM_20170720","ToMfROIS","ToM","Top10Percent","Old_evlab_pipeline"
"7","4051","405","1.000000","0.628103","17","3","ToMfROIS_resp_ToM_20170720","ToMfROIS","ToM","Top10Percent","Old_evlab_pipeline"
